example_id,conversation_id,customer_message,historical_reply,proposed_intent,proposed_decision,final_intent,final_decision,human_verified,reviewer_notes
gold_001,7d71910d0112f2bb0ec432c834178e47,the iOS update makes some of apps a bit slower! Fix the bugs please!,We're happy to help with any complications you're facing. Which Apps have slowed down? Let us know via DM. We'll go from there. https://t.co/GDrqU22YpT,Software_Bug_OS_Update,AUTO_HANDLE,Software_Bug_OS_Update,AUTO_HANDLE,True,
gold_002,dc4c9b6b7ada8158c1f23987351fa48d,ios11 was forced onto my iphone 6 - first time this has ever happened. It's broken my apps &amp; phone call abilities! WTF!?,"Let's work together in DM, we'll be happy to go over update options, and help get things working like they should be for you. https://t.co/GDrqU22YpT",Software_Bug_OS_Update,AUTO_HANDLE,Software_Bug_OS_Update,AUTO_HANDLE,True,
gold_003,b3180d0843d005f529b1af524418d3d7,I think that iOS 11 is definitely the worst update you ever made from 7 years. #crash #lag #reboot,We'd like to help. DM us and let us know the type of device you're using and some details of the situation to get started. https://t.co/GDrqU22YpT,Software_Bug_OS_Update,AUTO_HANDLE,Software_Bug_OS_Update,AUTO_HANDLE,True,
gold_004,c8d25d82c8807a5ab95430533084e38e,GREAT job on the update. My mom LOST ALL her photos. #androidftw,We know how important those memories are. Are you with your Mom and her iPhone? Let's work on this together. https://t.co/GDrqU22YpT,Software_Bug_OS_Update,AUTO_HANDLE,Software_Bug_OS_Update,AUTO_HANDLE,True,
gold_005,ea3420bf75c516827f72f1cdf6f23559,People. Don't download the latest @AppleSupport iOS update. Since updating 3 days ago my iPhone 7 Plus has frozen and crashed a number of times,We want to look into this with you. That's not the experience we want you to have. Which iOS 11 version are you using?,Software_Bug_OS_Update,AUTO_HANDLE,Software_Bug_OS_Update,AUTO_HANDLE,True,
gold_006,8baf9e3a4073721954be59f5bfa52075,You need to fix iOS10.3.3 because the iMessages apps animations do not work.,"Hi there! Which animations are you referring to, exactly? https://t.co/GDrqU22YpT",Software_Bug_OS_Update,AUTO_HANDLE,Software_Bug_OS_Update,AUTO_HANDLE,True,
gold_007,92175fbee5c62bc0351c228158cd629f,@115858 Able to access personal hotspot even when hotspot is switched off in my iphone #apple #ios11 #iosbug https://t.co/aSHUfvkdSj,We want to help you with your Personal Hotspot. Please send us a DM so we can assist. https://t.co/GDrqU22YpT,Software_Bug_OS_Update,AUTO_HANDLE,Software_Bug_OS_Update,AUTO_HANDLE,True,
gold_008,c99fea922a9ce5a0ec4f5b0d2623af12,a maça esqueceu das correcões dos bugs do ios 11.1? / Has apple forgotten about fixes for iOS 11.1 bugs? (Beta program),iOS beta comes with a built-in Feedback Assistant https://t.co/ywR3XOGLRe the second page of the Home screen on your device.,Software_Bug_OS_Update,AUTO_HANDLE,Software_Bug_OS_Update,AUTO_HANDLE,True,
gold_009,e3ce94d9ef6636ef25ba69546767f8e9,"@AppleSupport we have to talk about ios 11, I want my batery back again!","We understand how important it is to have a reliable iPhone that stays powered on like you expect it to. DM us, and we'll check. https://t.co/GDrqU22YpT",Software_Bug_OS_Update,AUTO_HANDLE,Device_Performance_Battery,AUTO_HANDLE,True,
gold_010,c375f553b2b381c78794850c81404951,😡😠😤 been up for an hour &amp; have already had to reset my phone 4 times. Get it together w your updates @115858,We'd like to look into this with you. Which iPhone are you using?,Software_Bug_OS_Update,AUTO_HANDLE,Software_Bug_OS_Update,AUTO_HANDLE,True,
gold_011,61ff64ab0317be067c5ac89040968461,Hey @AppleSupport - think you could push an update to make my iPad Pro work w/ my Smart Keyboard? Tired of it telling me it's not supported.,Let's get that keyboard working smoothly for you. Try out these steps to 'Get Help': https://t.co/TIIQJm5HKP Reply by DM for more. https://t.co/GDrqU22YpT,Software_Bug_OS_Update,AUTO_HANDLE,General_Product_Inquiry,AUTO_HANDLE,True,
gold_012,07d022553d1cb1d1f310790ddfa4dc6a,"come on, your iOS 11 SUCKS! Look at my frozen screen. It happens 1-2 times per day! Look at this @116333 https://t.co/pXHiKZHaaj",We'd love to help. Send us a DM with your iPhone model and we'll go from there. https://t.co/GDrqU22YpT,Software_Bug_OS_Update,AUTO_HANDLE,Software_Bug_OS_Update,AUTO_HANDLE,True,
gold_013,7efb97fbc3dafc4cd87cf1fe75366500,iOS 11 is so glitchy. What the heck man?,"We'd like to assist with your device where possible. Please meet us in DM, so we can gather information and help you out. https://t.co/GDrqU22YpT",Software_Bug_OS_Update,AUTO_HANDLE,Software_Bug_OS_Update,AUTO_HANDLE,True,
gold_014,c1c5f80af3d1a1501f28f98ca3f6bfdd,"hi since I updated my phone it freezes a lot. I would tap an app it does not open properly, it freezes and then it crashes",We're happy to look into this with you. Please join us in DM and let us know which iOS version is currently installed. https://t.co/GDrqU22YpT,Software_Bug_OS_Update,AUTO_HANDLE,Software_Bug_OS_Update,AUTO_HANDLE,True,
gold_015,2d1a53ad9c9773ea160581187b9b9a06,"My @115858 6s is kaput. Can't switch it off, can't access Apps like Twitter etc. I've heard there's a bug related to find my iPhone? #iPhone","Hey Andrew, we've got your DM. Look for our reply there.",Software_Bug_OS_Update,AUTO_HANDLE,Software_Bug_OS_Update,AUTO_HANDLE,True,
gold_016,8fb384d7bcf980d97d62e37d6e4fed47,whys my phone being all buggy af since the update,"We'd be happy to look into this with you. What's going on, exactly?",Software_Bug_OS_Update,AUTO_HANDLE,Software_Bug_OS_Update,AUTO_HANDLE,True,
gold_017,2b3bcd741fd2c98ddfd3df64840d91ea,"Very disappointed that I just dropped month of rent on #Iphone8 #badphone crackle noise when on calls, freezes &amp; dies quick @AppleSupport","We'd love to help. At Settings &gt; General &gt; Software Update, do you have an update to iOS 11.0.2 waiting to be installed?",Software_Bug_OS_Update,AUTO_HANDLE,Connectivity_Hardware,AUTO_HANDLE,True,
gold_018,bf68406508c639cde016e8106ab09b85,"Hi, After I updated my iPhone 6 Plus and Apple Watch Series 1 to the latest OS I am not able to use Siri to do any calls.","Thanks for reaching out to us. We are always happy to help. To clarify, you're able to use Siri for other tasks?",Software_Bug_OS_Update,AUTO_HANDLE,Software_Bug_OS_Update,AUTO_HANDLE,True,
gold_019,0c9803db25a58f9d5ea129c2857beb3e,I'm literally having so much trouble with iOS 11. @AppleSupport wish I never installed it 🤦🏻‍♀️,We'd be happy to look into the issues you're having with iOS 11. Can you please message us in DM with more details? https://t.co/GDrqU22YpT,Software_Bug_OS_Update,AUTO_HANDLE,Software_Bug_OS_Update,AUTO_HANDLE,True,
gold_020,fc76eec355ad1aa08e55dd3dcf71c64a,Ughhhh STILL mad about how this iOS update has ruined the podcast app @AppleSupport,We'd love to help. What device are you using with Podcasts? Tell us more about your concerns in DM and we'll take it from there. https://t.co/GDrqU22YpT,Software_Bug_OS_Update,AUTO_HANDLE,Software_Bug_OS_Update,AUTO_HANDLE,True,
gold_021,347c1b1d5543ebda74d583806d6b9b89,your IOS 11 update stinks! It has caused hours of ongoing issues for me since Tuesday night. I am so disgusted!,We'd like to look into your issues with you. Send us a DM and tell us what's going on. https://t.co/GDrqU22YpT,Software_Bug_OS_Update,AUTO_HANDLE,Software_Bug_OS_Update,AUTO_HANDLE,True,
gold_022,4523bc863d033f2ffc71892fe67fda5c,"I'm frustrated, after recent updates to my IPhone 7 airdrop don't wrk, search br for txt freezes, SMH","If you're having issues with the performance of your iPhone 7, we can help with that. Which exact iOS version is installed?",Software_Bug_OS_Update,AUTO_HANDLE,Software_Bug_OS_Update,AUTO_HANDLE,True,
gold_023,a41efa08cf1a084a75a672e75a9d1a1c,I have had nothing but issues with my iPhone since doing the most recent update!,thanks for reaching out. Can you please clarify what issues we are having? That way we can better assist you.,Software_Bug_OS_Update,AUTO_HANDLE,Software_Bug_OS_Update,AUTO_HANDLE,True,
gold_024,13858818f444850c7a916c7d2e406438,iOS 11.0.2 update is making my iPhone 7 constantly lose service.,We'd be happy to assist with your iPhone today. Send us a DM to get started. https://t.co/GDrqU22YpT,Software_Bug_OS_Update,AUTO_HANDLE,Connectivity_Hardware,AUTO_HANDLE,True,
gold_025,5be258481ac7c9114de666a90aa383a9,@AppleSupport my 7P was great before iOS 11.I've tried reset but so many bugs. my $900 phone has become a frustration.Unprepared iOS!,We're here to help! What exact issues have you been running into? Let us know in a DM. We'll go from there: https://t.co/GDrqU22YpT,Software_Bug_OS_Update,AUTO_HANDLE,Software_Bug_OS_Update,AUTO_HANDLE,True,
gold_026,2432755db0f8ba63c9145621f2dbb78f,Havnt used twitter in years-came just to tweet @115858 #iOS11 =worst software ever! Cant even use my phone-shorting AAPL stock! @AppleSupport,We're here for you. Please DM us what's going on and we'll do everything we can to help. https://t.co/GDrqU22YpT,Software_Bug_OS_Update,AUTO_HANDLE,Software_Bug_OS_Update,AUTO_HANDLE,True,
gold_027,42e8e6328f785e09f170d756509ba533,"iPhone 7 Plus slows down, hangs &amp; heats upon installing iOS11. 😔😔 Please don't make me regret being an apple user from 7 years 😔😔",We'd be happy to help you out with the issues on your iPhone. Send us a DM to get started. https://t.co/GDrqU22YpT,Software_Bug_OS_Update,AUTO_HANDLE,Device_Performance_Battery,AUTO_HANDLE,True,
gold_028,208ddb126d7d79375b5499ea93d55747,how do you turn off auto brightness in iOS 11.0.2,Check out the iPhone iOS 11 User Manual for display options here: https://t.co/it24SqZD78 Questions? Feel free to DM us here: https://t.co/GDrqU22YpT,Software_Bug_OS_Update,AUTO_HANDLE,General_Product_Inquiry,AUTO_HANDLE,True,
gold_029,3fc5a917f976e08226647172321b0a98,"Hey @AppleSupport, the new update caused me to not be able to begin a text from someone's contact profile. Please help.",We'd like to learn more about this so we can help. What happens when you try to send a text via a contact's profile?,Software_Bug_OS_Update,AUTO_HANDLE,Software_Bug_OS_Update,AUTO_HANDLE,True,
gold_030,b80ad439c7c39a8c02027533386ed23d,"Guna lob iphone out of window, keeps freezing and crashing all time! Your new update is wank @115858",We're glad you reached out. What types of issues are you having with your device? What steps have you already tried?,Software_Bug_OS_Update,AUTO_HANDLE,Software_Bug_OS_Update,AUTO_HANDLE,True,
gold_031,8046fae68dd1f771d8986eb894a8752b,Wenn auf dem #iphone dieser rote Punkt über dem Einstellungen-Icon leuchtet..... @115858 liefert für #iOS11 schon wieder einen #Bugfix https://t.co/xIuvIGdq1t,We offer support via Twitter in English. Contact us for help in your preferred language here: https://t.co/IBIY3vMgPj,Software_Bug_OS_Update,AUTO_HANDLE,Software_Bug_OS_Update,AUTO_HANDLE,True,
gold_032,cd2098c11cdaa5e30ce1af05edbfea36,.@AppleSupport My iPhone 6 plus automatically updated last night and now several apps don't work. What gives???,"When you say that the apps do not work, do you mean they won't open or something else? Which apps are not working?",Software_Bug_OS_Update,AUTO_HANDLE,Software_Bug_OS_Update,AUTO_HANDLE,True,
gold_033,8364d6409d0a35e7e0ff709ec400e3ab,get yall shit together. That update fucked up my iohone 7 and its dying faster than it was when I bought it.,"We want to work with you on this. If you go to Settings &gt; General &gt; About and go to Version, which iOS 11 version are you using?",Software_Bug_OS_Update,AUTO_HANDLE,Device_Performance_Battery,AUTO_HANDLE,True,
gold_034,c5532dc2b466c0a2ae907f76d24f4b4e,"after the latest update, I can't adjust the ""ringer"" volume from side keys. Only allowing ""volume"" adjustment. 🤔🤔😳😳?!?! HELP",Thanks for reaching out. Let us know what device you're using. We want to be sure you can hear incoming calls!,Software_Bug_OS_Update,AUTO_HANDLE,Software_Bug_OS_Update,AUTO_HANDLE,True,
gold_035,4f235b4977048157cb690eea547121a0,"A parte de todos esos emojis tan lindos, espero que en iOS 11.1 deis una solución al problema de la batería, gracias 😁 @115858",We offer support via Twitter in English. Get help in Spanish here: https://t.co/IBIY3vMgPj or join https://t.co/OczyRx7IOs https://t.co/GDrqU22YpT,Software_Bug_OS_Update,AUTO_HANDLE,Device_Performance_Battery,AUTO_HANDLE,True,
gold_036,24874018dc6f7ff1ee1c204f3bd4ea3e,"Where did all the dings go, @AppleSupport? #iPhone is right here and it hasn't dung once. (&lt;25% of the time, anyway) #iOS 11 #Mobile","Thanks for letting us know. To clarify, are you referring to your notification sounds? Let us know more details via a DM. https://t.co/GDrqU2kzhr",Software_Bug_OS_Update,AUTO_HANDLE,Software_Bug_OS_Update,AUTO_HANDLE,True,
gold_037,028363a4c4bc62c5b4dd84a0eb65ab47,@116333 what the hell apple ?what kind of update you released?ios 11.0.2 always keep restarting on my iphone 6 so many time😑,We'll be happy to look into what's causing the restart. Does the restart happen when using a specific app or feature?,Software_Bug_OS_Update,AUTO_HANDLE,Software_Bug_OS_Update,AUTO_HANDLE,True,
gold_038,ae752b8cbf2d883782c57a88da67e1ca,Hey @AppleSupport way to turn off my cellular data on the new iOS... how many times am I going to have to update for you to get this right...,We'd like to look into this with you. Are you looking to turn off all cellular data? Or having trouble enabling it?,Software_Bug_OS_Update,AUTO_HANDLE,Connectivity_Hardware,AUTO_HANDLE,True,
gold_039,742fe5a8afba048bb2c91d127ceaba03,"@AppleSupport Updated my phone last night (bought it 3 weeks ago), my signal strength has dropped dramatically, infuriating #why?",We want to partner with you and look into this. Which iPhone are you using?,Software_Bug_OS_Update,AUTO_HANDLE,Connectivity_Hardware,AUTO_HANDLE,True,
gold_040,843b6d441a1b90598b73900d350a47e6,Alguien le avisa a @115858 que el ios11 me desabilita esta opcion cada vez que cargo la bateria?!? @119459 @AppleSupport https://t.co/tLBZFXHYOO,We offer support via Twitter in English. Get help in Spanish here: https://t.co/IBIY3vMgPj or join https://t.co/OczyRx7IOs,Software_Bug_OS_Update,AUTO_HANDLE,Software_Bug_OS_Update,AUTO_HANDLE,True,
gold_041,15f59e1584a7ede1c35e608a2fe03902,Blerg... iPhone update and now my battery is dead by noon. Used to last til 11pm. @AppleSupport #ios,"That's not the experience we want you to have. DM us using the link below, we'll work together from there. https://t.co/GDrqU22YpT",Device_Performance_Battery,AUTO_HANDLE,Device_Performance_Battery,AUTO_HANDLE,True,
gold_042,543c7902cc4945401df1e054bdbc3224,"Hey, @115858, are any of these iOS updates going to address battery issues? Since updating to 11 my battery is GARBAGE.","Having a properly charged battery is important when it comes to using your iPhone. DM us, and we'll find a solution. https://t.co/GDrqU22YpT",Device_Performance_Battery,AUTO_HANDLE,Device_Performance_Battery,AUTO_HANDLE,True,
gold_043,9c383777511ecddf26ccdaf5818f85c5,this new update is destroying my Apple juice. I've had it on low battery setting all day and hardly any left with little use 😩,We would like to look into this with you. Please send us a DM and we will go from there. https://t.co/GDrqU22YpT,Device_Performance_Battery,AUTO_HANDLE,Device_Performance_Battery,AUTO_HANDLE,True,
gold_044,e30b36453e79fc08e349adb3cb74677f,@AppleSupport #iOS11.0.2 didn't help the battery usage issue as described. Still sucks!,That's not the experience we want you to have. Follow us to DM and we'll take a closer look at this. https://t.co/GDrqU22YpT,Device_Performance_Battery,AUTO_HANDLE,Device_Performance_Battery,AUTO_HANDLE,True,
gold_045,03831cef3a969d82104a7c1b926bfc00,New s/w updates drains battery so much. 20% to 3% as you read this! @115858 @AppleSupport WTF! SE gave me fantastic battery until now,Thanks for reaching out to us. Please send us a DM. We would like to chat with you there. https://t.co/GDrqU22YpT,Device_Performance_Battery,AUTO_HANDLE,Device_Performance_Battery,AUTO_HANDLE,True,
gold_046,4491c510c93308062edef4882d35a349,#iOS11.0.2 is killing my batterylife.... Please enroll bugfix on this... 🙏🏽 📱,Let's help. Check out the suggestions shown here: https://t.co/bivpdfBNJ6 but keep us posted.,Device_Performance_Battery,AUTO_HANDLE,Device_Performance_Battery,AUTO_HANDLE,True,
gold_047,2a21dddeb2b928147fc62d86628697e1,battery issue is serious with ios11. Please fix asap #iphone,"We're here for you! Reply by DM, and let us know the model of iPhone you have. We'll take it from there. https://t.co/GDrqU22YpT",Device_Performance_Battery,AUTO_HANDLE,Device_Performance_Battery,AUTO_HANDLE,True,
gold_048,543a185d6747db931fb9cd2280443d8e,"@115858 #ios1102 Problems: draining battery like hell, Constantly Iphone and keyboard freezing, APPS crashing... etc ... HELP!","We'll help out. To concentrate on one issue at a time, check these battery tips as a first step. https://t.co/bivpdfBNJ6",Device_Performance_Battery,AUTO_HANDLE,Device_Performance_Battery,AUTO_HANDLE,True,
gold_049,e6049888c2db8a6cf30c7796cdca81c1,iOS 11.0.2. Battery life is an issue. Turning WiFi and Bluetooth automatically on when turned off is huge issue. 11.0.3 soon?!,We want to make sure your iPhone works the way you expect it to. Let's get paired up in DM to get started. https://t.co/GDrqU22YpT,Device_Performance_Battery,AUTO_HANDLE,Device_Performance_Battery,AUTO_HANDLE,True,
gold_050,fe1ad29f3b4d0aee27f8c133ef0f3030,How quickly my battery drains after the latest @115858 update https://t.co/leAxTCwhsJ,Issues with battery life are no fun at all. Send us a DM and we'll check this out for you. https://t.co/GDrqU22YpT,Device_Performance_Battery,AUTO_HANDLE,Device_Performance_Battery,AUTO_HANDLE,True,
gold_051,b2a7cb0e99df8469e520cf7856ba70d3,@116333 IOS 11.0.2 drains battery like hell on my 6s please fix it,"We'd be happy to help. Send us a DM with more detail about what's happening with your battery, and we'll get started. https://t.co/GDrqU22YpT",Device_Performance_Battery,AUTO_HANDLE,Device_Performance_Battery,AUTO_HANDLE,True,
gold_052,e1706da8dbbd63f14490949815cc4258,. @124423 @AppleSupport @11550 @917 @115858 y'all need to talk this new iOS is absolutely terrible compatibility #battery,"Great battery life is important, and we want to get to the bottom of that with you. Could you join us in DM with more info? https://t.co/GDrqU22YpT",Device_Performance_Battery,AUTO_HANDLE,Device_Performance_Battery,AUTO_HANDLE,True,
gold_053,778d818fd086218f8c0a38c79dde6763,"Most Iphone users are experiencing excessive battery drainage with their latest iOS (11.0.2) update, attention @115858 @AppleSupport",Thanks for reaching out! We also received your DM. Look for a reply there shortly.,Device_Performance_Battery,AUTO_HANDLE,Device_Performance_Battery,AUTO_HANDLE,True,
gold_054,c348e3f80188c4112499ebb086898a2e,Dear @115858 why'd you make the new update on iPhone so it drains batteries and is slow and laggy? P.S. used about 8% on this tweet! #apple,"Let's get your iPhone working smoothly, What model of iPhone are you using? Join us in DM, and we'll take it from there. https://t.co/GDrqU22YpT",Device_Performance_Battery,AUTO_HANDLE,Device_Performance_Battery,AUTO_HANDLE,True,
gold_055,a8e8b9ff36ffd47f36bb591cea7f5fa5,ive just updated to ios 11.0.2 and the battery drains so quickly !! On iphone 6 ...,Sorry to hear you're having issues! Send us a DM. We'll help out from there. https://t.co/GDrqU22YpT,Device_Performance_Battery,AUTO_HANDLE,Device_Performance_Battery,AUTO_HANDLE,True,
gold_056,d847b708e0bc0ade6937152436d55512,"Hey @115858, that's cool. But where's the ""Fixed an issue with ruining your battery"".. https://t.co/hBpPvO88o3","If you're experiencing issues with your battery, we're here to help. Which iOS is currently installed? Which device do you have?",Device_Performance_Battery,AUTO_HANDLE,Device_Performance_Battery,AUTO_HANDLE,True,
gold_057,ac6c5a03b621c2f456d5ae1a72e222d5,@115858 @156471 When will you fix the iOS 11 battery drain issue? 📲😡,We want to help. Send us a DM and we'll go from there. https://t.co/GDrqU22YpT,Device_Performance_Battery,AUTO_HANDLE,Device_Performance_Battery,AUTO_HANDLE,True,
gold_058,c04c482dd5def5eb270928e91b56cbdf,"#ios11 is such a massive piece of shit @115858, &gt;80% of my apps installed are crashing, random phone reboots, battery drain… ugh. Fix this!","We're happy to help you with this. Meet us in DM, tell us which country you're in, which iPhone you have, and we'll get started. https://t.co/GDrqU22YpT",Device_Performance_Battery,AUTO_HANDLE,Device_Performance_Battery,AUTO_HANDLE,True,
gold_059,3b8b9e3c54dfbe3b74af02dab257061f,dowloaded ios 11 and now my phone drains battery even when plugged in,Join us in DM and we'll team up to find a resolution to this challenge. https://t.co/GDrqU22YpT,Device_Performance_Battery,AUTO_HANDLE,Device_Performance_Battery,AUTO_HANDLE,True,
gold_060,b547106905368e1f7ace782dc0ad06c1,iOS 11 is draining my battery like no other wtf @115858,"We'd be happy to look this over with you. Please meet us in DM so we may gather information, and better assist. https://t.co/GDrqU22YpT",Device_Performance_Battery,AUTO_HANDLE,Device_Performance_Battery,AUTO_HANDLE,True,
gold_061,00e1a2972e65221248e1a22670093374,.@AppleSupport I upgraded iOS (11.0.2) and it didnt help me at all! The keyboard sucks and the battery life sucks. Let's fix this!!!,"We'd love to help. To start, please send us a DM with more details on the behavior you're experiencing. https://t.co/GDrqU22YpT",Device_Performance_Battery,AUTO_HANDLE,Device_Performance_Battery,AUTO_HANDLE,True,
gold_062,ea0e6b37d8e5a3bcfafd990cf3a666c6,Pleease fix battery drainage! I don't want it to shorten my battery life :( any way to go back to ios10 until ios11 fixed?,"We don't have a way to go back to the last iOS, but we'd like to look into this with you. Send us a DM and we'll go from there. https://t.co/GDrqU22YpT",Device_Performance_Battery,AUTO_HANDLE,Device_Performance_Battery,AUTO_HANDLE,True,
gold_063,f7a9f3ae0db4a4b2fba5a733393e2a0a,you gotta sort this iOS11 battery issue out.. it's draining SO quick. No a fan ✋🏽,"We'd love to help with your battery. To start, please send us a DM with which device you are using. https://t.co/GDrqU22YpT",Device_Performance_Battery,AUTO_HANDLE,Device_Performance_Battery,AUTO_HANDLE,True,
gold_064,57d01eff0199ffc7d2304cd57b7f12fd,Dear @AppleSupport @115858 'ios11 sucks for iPhone 6' is a beautiful understatement. May constant crashes n horrible battery drain bug u 2!,"Join us in DM, and we'll help with your iPhone. We know how important it is to have it working as it should! https://t.co/GDrqU22YpT",Device_Performance_Battery,AUTO_HANDLE,Device_Performance_Battery,AUTO_HANDLE,True,
gold_065,25fbfc9cca517a243a0b761b414c656f,when will you guyz release a stable update of ios11 currently it sucks battery life and phone performance #dissappointed,We'd like to help. Which iPhone do you have and which iOS 11 version did you update to?,Device_Performance_Battery,AUTO_HANDLE,Device_Performance_Battery,AUTO_HANDLE,True,
gold_066,d9ad3269d82206406224df3d38366496,This iOS 11 draaaaaaiiinnnnnssss your battery.. omfg!!!!! @115858 fix this shit!,Let's get to the bottom of the battery issues you are seeing. Could you join us in DM with more info? https://t.co/GDrqU22YpT,Device_Performance_Battery,AUTO_HANDLE,Device_Performance_Battery,AUTO_HANDLE,True,
gold_067,c01c6e07b6cc0377724fa19e004e4654,When are you planning to fix the battery issue! 😤😡,We're happy to look into this for you. Can you please tell us which iOS version you are currently on?,Device_Performance_Battery,AUTO_HANDLE,Device_Performance_Battery,AUTO_HANDLE,True,
gold_068,5df5a36356d50ac9e189f638de31e4f2,Y'all getting wacker each year with these new iOS shittt fix our dam battery life tho !! @115858 @AppleSupport,We'd like to hear more about the battery issues you're experiencing. DM us about this and we'll get started. https://t.co/GDrqU22YpT,Device_Performance_Battery,AUTO_HANDLE,Device_Performance_Battery,AUTO_HANDLE,True,
gold_069,82610befd5fccd90f6b70ea7b9ad0696,I uogrades my 6s + to ios11.0.2 and it is killing the battery. Jumped from 41% to 18% in 7 mins whilst browsing.,We're here to help improve the battery performance on your iPhone. Join us in DM and we'll get started. https://t.co/GDrqU22YpT,Device_Performance_Battery,AUTO_HANDLE,Device_Performance_Battery,AUTO_HANDLE,True,
gold_070,66d2f984520ed2ed9053dfca462ce2d4,punching myself for downloading IOS 11 cause now my battery dies quicker than my unproductive trips to the gym. thanks @115858 you suck,We want your iPhone ready when you are. Let's talk in DM about your battery concern. https://t.co/GDrqU22YpT,Device_Performance_Battery,AUTO_HANDLE,Device_Performance_Battery,AUTO_HANDLE,True,
gold_071,72199a78770cb04d4468528570261927,can you run a diagnostic check on my battery? Seems to be dying a lot quicker lately.,We'll do all we can to help with your device's battery. Which device and OS are you using? Let us know in DM. https://t.co/GDrqU22YpT,Device_Performance_Battery,AUTO_HANDLE,Device_Performance_Battery,AUTO_HANDLE,True,
gold_072,185169d870cd0d6f49c60343ffd3115c,"hey there 👋, the battery life in my iPhone is bad, REALLY BAD. It is already restored, nothing changed. How do I fix it?","Let's meet in a DM and work together to get your battery life issue addressed. Please tap here to continue, then tell us more: https://t.co/GDrqU22YpT",Device_Performance_Battery,AUTO_HANDLE,Device_Performance_Battery,AUTO_HANDLE,True,
gold_073,4581a33fbc2c7f9a177a5625327ddf5d,"in general two updates on ios 11 so far &amp; still sucks, battery drainage, instability, please bring back ios 10",We'd like to hear more about what's happening with your battery. DM us about this and let's continue there. https://t.co/GDrqU22YpT,Device_Performance_Battery,AUTO_HANDLE,Device_Performance_Battery,AUTO_HANDLE,True,
gold_074,411a83fa8433e643ca8e0e3d67e9c18b,"ios 11 is rubbish, poor battery life and my phone is non stop freezing. Apps keep crashing 👌🏻 thanks..not",We want to improve both the performance and battery life on your iPhone. Which version of iOS 11 do you have? Tell us in DM. https://t.co/GDrqU22YpT,Device_Performance_Battery,AUTO_HANDLE,Device_Performance_Battery,AUTO_HANDLE,True,
gold_075,85aa406ba1dcf7f6181948d31606895a,"iOS 11.0.2 is causing lot of issues - Early battery drain, freezing the phone, affected mobile data etc. Fix ASAP @AppleSupport @115858",We can help. Which device are you experiencing this issue with? Are there any steps you've already tried?,Device_Performance_Battery,AUTO_HANDLE,Device_Performance_Battery,AUTO_HANDLE,True,
gold_076,fa397f91dace1a259629fc6abaa7d415,I was charging my phone and it still died on me... wtf y'all got going on @AppleSupport these iPhone batteries are ass,"We'd like to find out why that happened. Are you using the charger that came with your phone, or is it a different one?",Device_Performance_Battery,AUTO_HANDLE,Device_Performance_Battery,AUTO_HANDLE,True,
gold_077,15e840e9c9b626e6eabc2550b4af9896,"11.0.2 thank you! my 6s now draints its battery in matter of hours, not a full day as it used to be. Let us downgrade please!","Let's check this out together. We've received your DM, and will continue there. We'll get your iPhone working as it should.",Device_Performance_Battery,AUTO_HANDLE,Device_Performance_Battery,AUTO_HANDLE,True,
gold_078,f00c9d50289ce16c081a889550a7def8,iPhone was working fine until software update appeared as a notification. Battery is draining and I haven't even updated!,Thanks for reaching out to us. We are always happy to help. Send us a DM so we can look into this together. https://t.co/GDrqU22YpT,Device_Performance_Battery,AUTO_HANDLE,Device_Performance_Battery,AUTO_HANDLE,True,
gold_079,2bd895b6b7e5362c1ddab05926637e08,"Hi @AppleSupport, pls up your iOS 11 game. it's lagging. the phone crashed a few times. the battery is draining so quickly.",Thanks for reaching out to us. We'd like to help you and look into this further. Please DM us to continue working on this. https://t.co/GDrqU22YpT,Device_Performance_Battery,AUTO_HANDLE,Device_Performance_Battery,AUTO_HANDLE,True,
gold_080,8290b076955d65182219ca66b6c3b035,Apple you too have started working in haste ?🤔 @AppleSupport @115858 IOS 11.0.2 is draining battery out,We're here to help. Let's take a look at what's going on with your iPhone's battery in DM. https://t.co/GDrqU2kzhr,Device_Performance_Battery,AUTO_HANDLE,Device_Performance_Battery,AUTO_HANDLE,True,
gold_081,2863aefee19f51901a36ebc5fa541611,IOS 11 is draining My battery and I literally only used it twice for one little thing :(,We want to make sure you are getting the most out of your battery. Which exact iOS version are you running now?,Device_Performance_Battery,AUTO_HANDLE,Device_Performance_Battery,AUTO_HANDLE,True,
gold_082,1e1ee63754ce286c8111cf6ae4a7dd3a,My @115858 Powerbeats3 have crapped out on me again. Had the battery fixed twice and now the Bluetooth function doesn't work. Piece of crap.,Thank you for reaching out! Let's get you connected with the right folks. Our @159983 team will help from here.,Device_Performance_Battery,AUTO_HANDLE,Connectivity_Hardware,AUTO_HANDLE,True,
gold_083,0c21f88f11fe45d985be00ae80c8bfff,"Ever since i updated my iPhone 7 Plus to iOS 11 my speaker for phone calls won't work, help!",We want your iPhone to work perfectly after updates. We recently released iOS 11.0.2. Have you had the chance to update to that?,Connectivity_Hardware,AUTO_HANDLE,Connectivity_Hardware,AUTO_HANDLE,True,
gold_084,7826561ef780595e6d64eca75fff7cd3,new update on iPad mini. Wireless headphones connected via Bluetooth. Every app resets to mute headphones. Volume all the way up. #help #please,You're in good hands. Send us a DM with which version of iOS your iPad Mini is on and we'll continue there. https://t.co/GDrqU22YpT,Connectivity_Hardware,AUTO_HANDLE,Connectivity_Hardware,AUTO_HANDLE,True,
gold_085,98438445ef3be2baecc16e834b14ad8b,my speakerphone doesn't work. Did anyone test ios 11 before it was released ? It's a fucking disgrace !,We're happy to assist with any complications you're experiencing after updating via a DM. https://t.co/GDrqU22YpT,Connectivity_Hardware,AUTO_HANDLE,Connectivity_Hardware,AUTO_HANDLE,True,
gold_086,c3f17c9e3a86d2f927a8cd63d686b191,since update 11.0.2 my WiFi. I longer works. Will the fix be out today or can I revert to the previous iOS?,Let's get to the bottom of this. Do you have this issue with multiple Wi-Fi networks?,Connectivity_Hardware,AUTO_HANDLE,Connectivity_Hardware,AUTO_HANDLE,True,
gold_087,3af5112cb32377d5e1d4db16bf9aca98,"if you install High Sierra via a USB stick, Bluetooth doesn't work. Very, very, very annoying problem. https://t.co/cn4UNsHeSp",We'd be happy to look into what's going on. Which Mac are you using?,Connectivity_Hardware,AUTO_HANDLE,Connectivity_Hardware,AUTO_HANDLE,True,
gold_088,3671e873e0600d5f0ecb6845ac7009dc,"iOS 11 updates causing anxiety...speaker phone issues, bluetooth not syncing... come on now @AppleSupport @115858",What sort of issues? Does it connect to any Bluetooth device? DM us more details and we'll dive in to get them sorted together! https://t.co/GDrqU22YpT,Connectivity_Hardware,AUTO_HANDLE,Connectivity_Hardware,AUTO_HANDLE,True,
gold_089,48388d0bed2aecd7c22974ff30e6fbd4,Since I downloaded the last update the wifi keep making itself On. Please fix this. https://t.co/Jxb74gpSvp,Thanks for reaching out. We'd be happy to look into this with you. Can you provide us the steps you're taking to turn off Wi-Fi?,Connectivity_Hardware,AUTO_HANDLE,Connectivity_Hardware,AUTO_HANDLE,True,
gold_090,60cc6dd2101bfa90dffe66b26e021048,"Hi! Since I updated iOS 11 in my Iphone, bluetooth connection in different devices is very poor. Sound breaks or goes away",Let's help work together on this. Do you notice this issue when using the speaker or the receiver? Please reply in DM. https://t.co/GDrqU2kzhr,Connectivity_Hardware,AUTO_HANDLE,Connectivity_Hardware,AUTO_HANDLE,True,
gold_091,b0754904963e4ada297a53ff6607cfd0,terrible cracking sound in calls especially while using speaker,We want to help. What device is this occurring with? What version of iOS is the device running?,Connectivity_Hardware,AUTO_HANDLE,Connectivity_Hardware,AUTO_HANDLE,True,
gold_092,ce56c9211b6eba37b2c77240da74c00e,How many times will I learn the painful lesson of upgrading @115858 software too early. I can only make phone calls with bluetooth off?,Let us help you get this sorted out. Which version of the new iOS are you currently using?,Connectivity_Hardware,AUTO_HANDLE,Connectivity_Hardware,AUTO_HANDLE,True,
gold_093,5e93856adc162f0ddc02dd467a6b538d,why does my Bluetooth turn on randomly?,"We're here to help! Are you currently using iOS 11? If so, this article can provide you with details: https://t.co/JxDWije6Lq",Connectivity_Hardware,AUTO_HANDLE,Connectivity_Hardware,AUTO_HANDLE,True,
gold_094,e44e2d52abffb40650ccec623b005b26,HELP! Loud speaker doesn't work on my phone anymore 😭😭😭,We'd like to help get your speaker working again! Please confirm if this happens during calls only via DM. https://t.co/GDrqU2kzhr,Connectivity_Hardware,AUTO_HANDLE,Connectivity_Hardware,AUTO_HANDLE,True,
gold_095,e2eb9c01f0650a532802c232f6f7eb7a,since updating to the newest update my WiFi turns its self off WHY?? Every time I update there is a problem 😡😡😡,Let's look into that. Send us a DM and we'll go from there. https://t.co/GDrqU2kzhr,Connectivity_Hardware,AUTO_HANDLE,Connectivity_Hardware,AUTO_HANDLE,True,
gold_096,71970b76de9329f489e5887f2ed5ab42,"iOS 11.0.2 causing multiple app crashes and freezes on launch for me, speaker phone works intermittently, sluggish performance",We're here to help you have the best experience possible. DM us what country or region you're located in and we'll help. https://t.co/GDrqU2kzhr,Connectivity_Hardware,AUTO_HANDLE,Connectivity_Hardware,AUTO_HANDLE,True,
gold_097,1093bb15070e14147fde70265868b681,Hey @115858 this update won't let me control Bluetooth sound in my car? Am I supposed to reach all the way to the dash?,We'd love to help out here. Are you using Apple CarPlay?,Connectivity_Hardware,AUTO_HANDLE,Connectivity_Hardware,AUTO_HANDLE,True,
gold_098,192a2b47121e5978cbd8c0d1957414af,can y'all please fix the music app in the control panel? i have bluetooth headphones and it won't let me skip songs. https://t.co/iTYcKa5aUK,We want you to be able to enjoy your music on your iPhone. Have you restarted the iPhone or updated to the latest iOS 11.0.2?,Connectivity_Hardware,AUTO_HANDLE,Connectivity_Hardware,AUTO_HANDLE,True,
gold_099,c5a2259cbe6cf981597b7113f8cc3f9a,@115858 fix the off-ish issue with Wi-Fi and Bluetooth in the control center. The UI is deceiving.,Could you clarify the issue? Bluetooth and Wi-Fi in the Control Center have changed with iOS 11: https://t.co/JxDWijvIa0,Connectivity_Hardware,AUTO_HANDLE,Connectivity_Hardware,AUTO_HANDLE,True,
gold_100,898351f45273fbb839b9b6c5f301e747,my iPod screen is cracked and the touch screen isn't working. What box is it best to tick to get both issues repaired? https://t.co/G7YzTMCKKJ,"Great question. You can choose the option for ""Screen is cracked"" and you'll be provided with your available options.",Connectivity_Hardware,ESCALATE_TO_HUMAN,Connectivity_Hardware,ESCALATE_TO_HUMAN,True,
gold_101,aa387f7435fd0578a41e25489171fe5d,The new iPhone update stay turning on my WiFi bruh!!! 😡😤 @115858,"We want to help. With iOS 11, you can turn off Wi-Fi and Bluetooth in Settings. More information is here: https://t.co/vzVz37YMv0",Connectivity_Hardware,AUTO_HANDLE,Connectivity_Hardware,AUTO_HANDLE,True,
gold_102,d3b46f18df6bba1523a1e8366aaa3c48,speakerphone stopped working after updating to iOS 11,Let us help you take care of that. Join us in DM so we can better assist you: https://t.co/GDrqU22YpT,Connectivity_Hardware,AUTO_HANDLE,Connectivity_Hardware,AUTO_HANDLE,True,
gold_103,ede6f4372e1a5a11e64fafc60d6b8763,Is there anyway to stop my WiFi from ALWAYS being on besides going into settings and turning it off?,Disconnect from any network you're connected to by using the Contol Center is another option: https://t.co/G7BHuQnDS6,Connectivity_Hardware,AUTO_HANDLE,Connectivity_Hardware,AUTO_HANDLE,True,
gold_104,5e1c0fc38a568f5d8dc1674d83b72451,"@115858 IOS 11.0.2 is still full of issues. For example, using the swipe up options menu to turn off wifi does not actually 1/2",Control Center has changed the functionality for Wi-Fi and Bluetooth. There's an explanation here: https://t.co/G7BHuQnDS6,Connectivity_Hardware,AUTO_HANDLE,Connectivity_Hardware,AUTO_HANDLE,True,
gold_105,8034421e84bc0af0a226115d2ef43f5d,what the fuck dude fuck this phone the speaker literally crackles like 5 times every song i'm going to kill mtswld i hate you @115858,We want to help you with your new iPhone 8. Please meet us in DM with more details. https://t.co/GDrqU22YpT,Connectivity_Hardware,AUTO_HANDLE,Connectivity_Hardware,AUTO_HANDLE,True,
gold_106,cf3c261a9100f79a3f1d018fa4066595,why does my WiFi keep turning itself on? I've turned it off at least 4 times today,We can look into this. Which device is this occurring on and what's the software version?,Connectivity_Hardware,AUTO_HANDLE,Connectivity_Hardware,AUTO_HANDLE,True,
gold_107,dcf4a05056758d2a1b4c06fb45275dd8,i updated my ipad mini 3 last night and now the wifi doesnt work,Let's team up to get this addressed. Are you still able to see nearby networks in the Settings? Let us know via a DM. https://t.co/GDrqU22YpT,Connectivity_Hardware,AUTO_HANDLE,Connectivity_Hardware,AUTO_HANDLE,True,
gold_108,459976f213b4a7fbef5016ad09a4bd36,.@115858 Why is the new #iOS11 update causing my wifi to turn on constantly? cc @116333,"Are you referring to the Wi-Fi button in Control Center? It changed a bit in iOS 11, find out more here: https://t.co/vodH4madjc",Connectivity_Hardware,AUTO_HANDLE,Connectivity_Hardware,AUTO_HANDLE,True,
gold_109,b609e1c09680a3b5d8e00eed111b483d,"Completely fed up with bluetooth issues in iOS 11 - @115858, sort them out!",We're here to help. DM us a bit more about what is going on and we can go from there together. https://t.co/GDrqU22YpT,Connectivity_Hardware,AUTO_HANDLE,Connectivity_Hardware,AUTO_HANDLE,True,
gold_110,7a0afaca20241b4944e27607222fe7c8,why the fucc doesnt my phone connect to wifi @AppleSupport fix this,Let's help get this resolved. DM us what happens when you try to connect to Wi-Fi. https://t.co/GDrqU22YpT,Connectivity_Hardware,AUTO_HANDLE,Connectivity_Hardware,AUTO_HANDLE,True,
gold_111,d715e13981c62f5f794e9a2ab5631288,"so since updating my iOS, my speaker via Bluetooth has interference sometimes while I'm perusing Twitter",Thanks for reaching out. Let's take a look at this together. Which iPhone model and iOS version do you have?,Connectivity_Hardware,AUTO_HANDLE,Connectivity_Hardware,AUTO_HANDLE,True,
gold_112,0a85eac2524648ae42de539754b80320,@AppleSupport this is my iPhone 7. On speaker phone. Half the screen quits working. End the call? It goes back to normal. https://t.co/SUEaXsOi3W,"That is very unusual. We'd like to research your support options, so please DM your iOS version and the country you're in. https://t.co/GDrqU22YpT",Connectivity_Hardware,AUTO_HANDLE,Connectivity_Hardware,AUTO_HANDLE,True,
gold_113,888ca3835c51c0ce6710f80ef9e0f83a,just wanna know why my phone keeps turning bluetooth on by itself???? @115858.... wanna explain this????,"We can look into this. Can you tell us the iOS version of your iPhone? Also, are you disabling Bluetooth from Settings?",Connectivity_Hardware,AUTO_HANDLE,Connectivity_Hardware,AUTO_HANDLE,True,
gold_114,948ee098ee1e13a4c03edd866d2b7dbe,"please, for the love of god. Fix the automatic connection to WiFi even after I turn my WiFi availability off","We'd like to take a look into this. Send us a DM with details, and we'll get started. https://t.co/GDrqU22YpT",Connectivity_Hardware,AUTO_HANDLE,Connectivity_Hardware,AUTO_HANDLE,True,
gold_115,138a8e94af0ccfe50cdc6e11340a1006,Why am I unable to buy music w/ my card when I've little more than enough money in it than the amount of the song I'm buying?,"Thanks for reaching out. If you're experiencing iTunes billing issues, contact our iTunes Store Support here: https://t.co/SDIe7UiyJN",General_Product_Inquiry,AUTO_HANDLE,Billing_Subscriptions,ESCALATE_TO_HUMAN,True,
gold_116,19fdf4ad46349dd374e7d869acd8a75f,"why does my iPhone cable intermittently cause my phone to come up with the message, #thisaccessoryisnotsuppotted? #frustrated",Let's see what we can figure out. Are you using an Apple branded cable or 3rd party?,General_Product_Inquiry,AUTO_HANDLE,Connectivity_Hardware,AUTO_HANDLE,True,
gold_117,08a0df074674d13e778833793fa40226,so my iPhone was perfectly working a minute back and then it stopped working just out of nowhere. what kind of a sorcery is this 😶 @115858,What trouble are you having? We'll look into this with you and see what's going on.,General_Product_Inquiry,AUTO_HANDLE,Software_Bug_OS_Update,AUTO_HANDLE,True,
gold_118,9712b42e22de63f17df224b33c7f7910,I completed your diagnostics test and did everything you asked now my phone is Continuously vibrating like I'm getting a notification,Let's work together on a solution. Send us a DM with more information and we'll go from there. https://t.co/GDrqU22YpT,General_Product_Inquiry,AUTO_HANDLE,Software_Bug_OS_Update,AUTO_HANDLE,True,
gold_119,a0a91b9ed3164ce9d946751dffca060e,Help! Apple Watch wont restore previous backup #help #apple @AppleSupport,"We'll be glad to help. To clarify, are you trying to restore a backup to your Apple Watch, or are you attempting to back it up?",General_Product_Inquiry,AUTO_HANDLE,General_Product_Inquiry,AUTO_HANDLE,True,
gold_120,e2b9a81365e17aa70fca118ab3d54ad4,"I just had manipulated by your call center platform. Somehow, you got my permission to use my data which I never wanted!!! +",We are here to help. DM us the details of your issue and we can take a look at this. https://t.co/GDrqU22YpT,General_Product_Inquiry,AUTO_HANDLE,Account_Access_Security,ESCALATE_TO_HUMAN,True,
gold_121,52c724efd5dc77df1efab9c83de8222b,just received this email. Is this legit or is it a scam??? https://t.co/jVGeeCcB3t,Here's a resource that will help to identify legitimate emails and how to report suspicious emails: https://t.co/jvHankNwJG,General_Product_Inquiry,AUTO_HANDLE,Account_Access_Security,ESCALATE_TO_HUMAN,True,
gold_122,411e32ae19f22fe6446628cd9c6f6f85,Your apple store is driving me crazy. Gave Airpods to my daughter and they won't help her replace a case. VERY poor service,We'd like to hear more about your experience &amp; see if we can help with your technical issue. Send a DM to let us know more. https://t.co/GDrqU2kzhr,General_Product_Inquiry,AUTO_HANDLE,Connectivity_Hardware,ESCALATE_TO_HUMAN,True,
gold_123,7b723fe21a13ba48646a1ee53fd1f552,Oi @AppleSupport I asked #siri to put an appointment in my calendar for next Tuesday. She booked it for a week on Tuesday. Surely that's wrong? Lucky I caught it. #StupidSiri,Let's take a look at this together. Can you confirm your iOS version for us please?,General_Product_Inquiry,AUTO_HANDLE,General_Product_Inquiry,AUTO_HANDLE,True,
gold_124,522cbc25e330b4f7c69a7e1283f2d225,I received a questionable email yesterday. Can I email it to you for you to check if it's legit?,We're here for you. You can find all the info to help you identify and report phishing emails here: https://t.co/LNMCdqt6fD,General_Product_Inquiry,AUTO_HANDLE,Account_Access_Security,ESCALATE_TO_HUMAN,True,
gold_125,62aad89ccba84170e87791a731885282,Cometí el grave error de actualizar el software. Ahora todo es lento y la pila no dura nada. Gracias @115858 @AppleSupport #MyLastiPhone,We offer support via Twitter in English. Get help in Spanish here: https://t.co/IBIY3vMgPj or join https://t.co/OczyRx7IOs,General_Product_Inquiry,AUTO_HANDLE,Device_Performance_Battery,AUTO_HANDLE,True,
gold_126,faa0a1d249064f466b7f327350f03b68,I wish Safari 11's auto-zoom actually worked :/,"Hey, we appreciate that video. To help us look into this, send us a DM and we'll go from there. https://t.co/GDrqU22YpT",General_Product_Inquiry,AUTO_HANDLE,Software_Bug_OS_Update,AUTO_HANDLE,True,
gold_127,12da923701fc065b357015817af9e5f5,since updating to 11.0.2 something called System is using all the GB on my phone. It keeps saying storage full.,Let's take a look into your storage. Could you send us a DM when you have a chance? https://t.co/GDrqU22YpT,General_Product_Inquiry,AUTO_HANDLE,Software_Bug_OS_Update,AUTO_HANDLE,True,
gold_128,2a2651b43ec51793a158e48676be7b16,"""Page not found"" if one clicks on the links to get the sample code @115858 @AppleSupport https://t.co/lFRboi0uaA https://t.co/FntnHq855f",Our developer support is in the best position to assist with this and can be contacted from here: https://t.co/hEaoE4MHuT,General_Product_Inquiry,AUTO_HANDLE,General_Product_Inquiry,AUTO_HANDLE,True,
gold_129,2d6ae748129977f1bfb0c481b05b7be7,school started an hour and a half ago and my phone went from 100 to 36.... all I've been doing is listening to music....,Thanks for reaching out to us. Please send us a DM and we can go from there. https://t.co/GDrqU22YpT,General_Product_Inquiry,AUTO_HANDLE,Device_Performance_Battery,AUTO_HANDLE,True,
gold_130,cbd0ae0aea5853da785c49dbc3ecf519,how to ping on iphone 5 bbm. hehe :D,We'd like to help as best we can. Do you want to set up notifications for a third-party messaging app?,General_Product_Inquiry,AUTO_HANDLE,General_Product_Inquiry,AUTO_HANDLE,True,
gold_131,dad57167f3ba4021bbd7c24dd0eff34b,apple support my ipad reverted to the old Siri voice and i had to re-download the new one just thought u should know,Thanks for that. We appreciate you reaching out. Can you send us a DM and provide us more details about how and when this happened? https://t.co/GDrqU22YpT,General_Product_Inquiry,AUTO_HANDLE,Software_Bug_OS_Update,AUTO_HANDLE,True,
gold_132,d3a980a0834af4d32f31359e42b2e173,"Thisversion of macOS hashad error aftererror, every time I turnoff the computer the screen stays that way for almost a minute. https://t.co/se87knAw2a",Thank you for this information. Go ahead and send us a Direct Message using this link and we'll continue from there: https://t.co/GDrqU22YpT,General_Product_Inquiry,AUTO_HANDLE,Software_Bug_OS_Update,AUTO_HANDLE,True,
gold_133,5f29bd8df955e0c0c8f8188e72bea329,ive managed not to lose my headphone adapter but now its not working @AppleSupport send me a new one https://t.co/NlYP0Xgbhn,We want to get you listening to your tunes again. Are you able to hear any sound? Do the headphones work with other devices?,General_Product_Inquiry,AUTO_HANDLE,Connectivity_Hardware,ESCALATE_TO_HUMAN,True,
gold_134,c99a2cabfd3d09356bbc4d7160a2a84c,"If there is only hardware problem, why you guys force customer to reset their devices? And what about their data?",We'd like to learn more about your issue so we can better answer your question. Tell us more about what's happening in DM. https://t.co/GDrqU22YpT,General_Product_Inquiry,AUTO_HANDLE,General_Product_Inquiry,AUTO_HANDLE,True,
gold_135,13244140452582fefb3e4baea0913dbd,"well, that upgrade sucked. Hope you come out with fixes soon I got little red circles with numbers in them on a half dozen app",Meet us in DM. We'd like to support you. https://t.co/GDrqU22YpT,General_Product_Inquiry,AUTO_HANDLE,Software_Bug_OS_Update,AUTO_HANDLE,True,
gold_136,1934ce688574cbd69f731cfe5aac4f2e,how can you remove the volume icon from the control centre when you double click?Autistic son on max volume as it is!@137011,Thanks for reaching out to us. Here is a resource for the things that you can remove: https://t.co/vodH4madjc,General_Product_Inquiry,AUTO_HANDLE,General_Product_Inquiry,AUTO_HANDLE,True,
gold_137,1b7dcb8041715157d539a67d8690244f,my phone's been so glitchy these last couple of days 😩,Let's help. Check out the steps shown here: https://t.co/fUZ0NRJxcn but keep us posted.,General_Product_Inquiry,AUTO_HANDLE,Software_Bug_OS_Update,AUTO_HANDLE,True,
gold_138,fa520d15ef24b1bc37b345dc333e5c77,your customer care sucks.items under warranty not fixed after 6 weeks &amp;apparently the guy on phone only answers to who pays his wages,That's not what we'd like to hear. Can you start by letting us know more about your experience via DM? https://t.co/GDrqU22YpT,General_Product_Inquiry,AUTO_HANDLE,Connectivity_Hardware,ESCALATE_TO_HUMAN,True,
gold_139,eff56682a97ae167983d3dd7b33fc2f3,"whys my camera roll all of a sudden in some random order, trying to find recent saved pics in 4500+ pictures isn't fun",We'd like to look into this with you. Please join us in DM. https://t.co/GDrqU22YpT,General_Product_Inquiry,AUTO_HANDLE,Software_Bug_OS_Update,AUTO_HANDLE,True,
gold_140,baf637d2473ddd61bab9d60cb0a32c79,Why is my phone suddenly asking me to verify my passwords for every social network app I log on to today? 🤔 @AppleSupport,That's not expected behavior. Can you tell us which iOS version you are currently using please?,Account_Access_Security,ESCALATE_TO_HUMAN,Account_Access_Security,ESCALATE_TO_HUMAN,True,
gold_141,fdc81282356056ba42c9fbaa8a443ff2,wtf your support person via app told me to sign out of my Apple ID then back in and now my library won't load,We'd like to assist. Could you send us a DM so we can get some more information? https://t.co/GDrqU22YpT,Account_Access_Security,ESCALATE_TO_HUMAN,Account_Access_Security,ESCALATE_TO_HUMAN,True,
gold_142,30c9a480e73b9c3d9c7a19892c84b180,"my Apple ID has been disabled several times in the past, I set up a new one and disabled straight away, what can I do?","Thanks for contacting us, we can help you. Check out and follow the steps in this support article: https://t.co/HH37urdbz9",Account_Access_Security,ESCALATE_TO_HUMAN,Account_Access_Security,ESCALATE_TO_HUMAN,True,
gold_143,6539f229825a3afe9b315838cf9dd05a,I'm unable to sync my notes from one of my Macs to iPad or other Mac. Is iCloud down?? Tried various different things.,"iCloud is up and running: https://t.co/7NVrDovSd8 Tell us what happens when you try to sync Notes, and we'll help out.",Account_Access_Security,ESCALATE_TO_HUMAN,Account_Access_Security,ESCALATE_TO_HUMAN,True,
gold_144,694253374dc463559ee58f001aee364a,"i need help deleting photos off of my iPhone, but not losing the photos in my iCloud.",Let's see how we can assist. This link has great info on managing the photo storage on your iPhone: https://t.co/j1xchNl9UN,Account_Access_Security,ESCALATE_TO_HUMAN,Account_Access_Security,ESCALATE_TO_HUMAN,True,
gold_145,07622e9e7b8a62c317cc2e4ce8b8e97e,Is it possible to move an iCloud email address from one AppleID to another? I'd like to move my @798 address to my new account.,We can go over some information about that. Let's talk in DM. https://t.co/GDrqU22YpT,Account_Access_Security,ESCALATE_TO_HUMAN,Account_Access_Security,ESCALATE_TO_HUMAN,True,
gold_146,ad045fab5f001aca5a9b58ce8e2019a5,Can anyone help me please? I have new iPhone? I have back-up the photos but where is the iCloud photos? https://t.co/ECBaomhGDA,Congrats on your new iPhone! Photos in the iCloud Photo Library can be viewed at https://t.co/MdGttk34mz Questions? DM us. https://t.co/GDrqU2kzhr,Account_Access_Security,ESCALATE_TO_HUMAN,Account_Access_Security,ESCALATE_TO_HUMAN,True,
gold_147,44e6a483820b351c3a398854823a776c,my freaking icloud backed up everything from 2015/16 and all the old pics of my ex i deleted CAME BACK @18540 @115858 fix it,We understand your concern and would like to help you. Send us a DM to get started. https://t.co/GDrqU22YpT,Account_Access_Security,ESCALATE_TO_HUMAN,Account_Access_Security,ESCALATE_TO_HUMAN,True,
gold_148,fc1a095c8299ee494ae901c34be1a94c,"Hi - just logged into iCloud from my MBA, the 2FA code came though on the same machine but none of my other devices!",Hi there. Let's help. Were you able to successfully log in using the code received on the MacBook Air?,Account_Access_Security,ESCALATE_TO_HUMAN,Account_Access_Security,ESCALATE_TO_HUMAN,True,
gold_149,903172853381622080c401625a9160dd,why wont you send me a verification code so i can sign into my account?,We want to help. Take a look at the info in this link and let us know if you are still having issues: https://t.co/dSCGMAN0vv,Account_Access_Security,ESCALATE_TO_HUMAN,Account_Access_Security,ESCALATE_TO_HUMAN,True,
gold_150,e86e234e3b71bfba9a0ab95ab0de36b1,iMessage has logged me out about 40 times today &amp; I've spent too much of my life trying to sign back in with new passwords 😫😫😫,We want to be sure you can use iMessage as expected. Are you using a Mac or an iOS device?,Account_Access_Security,ESCALATE_TO_HUMAN,Account_Access_Security,ESCALATE_TO_HUMAN,True,
gold_151,92402a869a178b4c82b2de4cb3b61a92,Battery life on 3 month old iPhone 7 is ruined since 11.0.2. 1% of battery life lasting &lt;1 minute. Need phone for 2FA.,We can check out your battery in more detail. Meet us in DM at the link below. https://t.co/GDrqU22YpT,Account_Access_Security,ESCALATE_TO_HUMAN,Device_Performance_Battery,AUTO_HANDLE,True,
gold_152,8ef11ecf777c4e132ab1657760212b0a,@187939 ICloud has been hacked by a very sick person. PLEASE PLEASE help her get it back immediately. I love u Amy!,We are here to help. DM us the details of your issue and we can take a look at this. https://t.co/GDrqU22YpT,Account_Access_Security,ESCALATE_TO_HUMAN,Account_Access_Security,ESCALATE_TO_HUMAN,True,
gold_153,b0f1c455f058280ae4b7959a2668e726,"@applesupport please give me back the 1.7 gb of photos. You can see, there are no photos in icloud 😒 #icloud https://t.co/fYK1kXA6sF",Let's look into this together. Please send us a DM and we will go from there. https://t.co/GDrqU22YpT,Account_Access_Security,ESCALATE_TO_HUMAN,Account_Access_Security,ESCALATE_TO_HUMAN,True,
gold_154,165f4bcb824ba41725af6ecb4dfc3b66,I just lost all of my icloud information because my phone number was different than when I first started the account thanks @AppleSupport,"We know how important iCloud can be. If you haven't already, please check out our Apple ID resources: https://t.co/UJm15vmMM2",Account_Access_Security,ESCALATE_TO_HUMAN,Account_Access_Security,ESCALATE_TO_HUMAN,True,
gold_155,b63ce6e3fa251255a029d0b27f7079f4,i use ip7+ and my apple id has been disable. Can u help me? https://t.co/BSXFVrbjQ0,We want to help get you headed in the right direction. Let's continue in DM. https://t.co/GDrqU22YpT,Account_Access_Security,ESCALATE_TO_HUMAN,Account_Access_Security,ESCALATE_TO_HUMAN,True,
gold_156,b573b2b1e9b8be02f3a702748debaefc,my phone keeps doing this and as u can see i have that function locked https://t.co/6MQTDLS6tR,We're happy to help sort this out. Since first noticing this have you restarted your iPhone? https://t.co/OWRDHWSt4h,Account_Access_Security,ESCALATE_TO_HUMAN,Software_Bug_OS_Update,AUTO_HANDLE,True,
gold_157,a7ae73b08f98926cc4acfcd1da81e186,@AppleSupport iPhone is showing wrong song when phone is locked and playing music on Spotify. Phone or Spotify issue?,"We'll be glad to help you with this. Have you tried restarting your iPhone? If not, follow this: https://t.co/n9BF3L9h6y",Account_Access_Security,ESCALATE_TO_HUMAN,General_Product_Inquiry,AUTO_HANDLE,True,
gold_158,19fc0ff32648106ea70209cb9bd04421,I can't ACTIVATE MY NEW PHONE bc i need a verification code being sent to my phone that I can't get until it's activated pls help,We'd love to help! This link will help you get a verification code: https://t.co/gZlEJEsNrU,Account_Access_Security,ESCALATE_TO_HUMAN,Account_Access_Security,ESCALATE_TO_HUMAN,True,
gold_159,ff73ee4552cbc0cf52f9f4e7cdaa223e,Kan niet inloggen bij iCloud...sinds laatste update.. Hoe los ik dit op? @AppleSupport,We offer support via Twitter in English. Contact us for help in your preferred language here: https://t.co/IBIY3vMgPj,Account_Access_Security,ESCALATE_TO_HUMAN,Account_Access_Security,ESCALATE_TO_HUMAN,True,
gold_160,bdaea4a8c711baceb1b839713bf7bf95,"hi, just installed 11.0.2 iOS on iPhone SE. Can't seem to accept iCloud terms and conditions, page gets stuck, pls help! https://t.co/mEXVOHXW4G",We are here for you. Have you tried restarting your iPhone? Do you get the same results after a restart? Let us know to continue.,Account_Access_Security,ESCALATE_TO_HUMAN,Account_Access_Security,ESCALATE_TO_HUMAN,True,
gold_161,cf3a729309d2dd9b25388d1cc23bcf6e,"iOS11 has a call end button problem. its displayed while phone is LOCKED, calls disconnect! please advise! Bug rpt team says no!","Hey there, we know how important it is for our iPhones to work properly. Let's meet in DM and we can gather more info there. https://t.co/GDrqU22YpT",Account_Access_Security,ESCALATE_TO_HUMAN,Software_Bug_OS_Update,AUTO_HANDLE,True,
gold_162,9d3e01c019e1efafa081c3fb03592643,"If you use on iMessage on a daily basis, avoid macOS High Sierra. The new iCloud sync sucks. I keep missing texts. @115858 @AppleSupport",We'd like to help. DM us what country or region you're located in. https://t.co/GDrqU22YpT,Account_Access_Security,ESCALATE_TO_HUMAN,Account_Access_Security,ESCALATE_TO_HUMAN,True,
gold_163,6fc8760c989eee77f87679ddc0956d42,Trying to create an app specific PW. Your Apple ID sign-in page doesn't completely load. Thoughts? https://t.co/H06BwnAGY3,"Hey, we want to hear more about what's going on so we can help. DM us and let's continue there. https://t.co/GDrqU22YpT",Account_Access_Security,ESCALATE_TO_HUMAN,Account_Access_Security,ESCALATE_TO_HUMAN,True,
gold_164,3150d847bd6cbfb8152f3258076c625c,Two factor auth is a broken mess @115858 - nothing like typing in passwords and codes repeatedly when you just want to watch TV. Doesn't work,"We'd like to help. Tell us which device you're having the issue with, and what error message if any you're experiencing.",Account_Access_Security,ESCALATE_TO_HUMAN,Account_Access_Security,ESCALATE_TO_HUMAN,True,
gold_165,dd0e084a2aae91bfc8138df44f2b4a04,#iPhone backup to iTunes won't work. Contacted @115858 and they said I need to pay for storage and backup to iCloud instead. #fail,We're here for you. DM us what happens when you try to create a backup via iTunes and we can go from there. https://t.co/GDrqU22YpT,Account_Access_Security,ESCALATE_TO_HUMAN,General_Product_Inquiry,AUTO_HANDLE,True,
gold_166,be78450bb7d6fe6b5dff3dbd9984a019,"Hey @AppleSupport, I have a problem to receive your SMS to verify my phone number on my apple ID and for two steps verification. HELP ! DM ?",Hey David. We'd like to help out and believe this will provide you more details: https://t.co/bF855rAnKh DM us if needed. https://t.co/GDrqU22YpT,Account_Access_Security,ESCALATE_TO_HUMAN,Account_Access_Security,ESCALATE_TO_HUMAN,True,
gold_167,76ffa05bfffcb7391928a3834e4965b4,you're password reset isn't working at all.,Thanks for reaching out to us. Can you please provide more information about the password reset problem in DM? Thanks. https://t.co/GDrqU22YpT,Account_Access_Security,ESCALATE_TO_HUMAN,Account_Access_Security,ESCALATE_TO_HUMAN,True,
gold_168,ea1a32632ceb296b5ccc86229ef1eba0,"I'm getting password reset emails from an unknown source a couple times a week, do you really recommend resetting every time?",Thanks for reaching out about this. We'd like to look into it with you. Send us a DM and we'll go from there. https://t.co/GDrqU22YpT,Account_Access_Security,ESCALATE_TO_HUMAN,Account_Access_Security,ESCALATE_TO_HUMAN,True,
gold_169,8f058a7a60f9f22d6e6d93763c0ebce8,any idea when you'll fix the 11.0.2 update? I have had to completely shut my phone down multiple times because it locked up!,"We'd be happy to take a look into this. Send us a DM, and we'll get started. https://t.co/GDrqU22YpT",Account_Access_Security,ESCALATE_TO_HUMAN,Software_Bug_OS_Update,AUTO_HANDLE,True,
gold_170,9604ba2f2d1ecf8c5f4b70902e9ecd8b,apple ID login page appears to be broken,Let's see what's happening. Which country are you located in? DM us with that information and tell us what you're seeing. https://t.co/GDrqU22YpT,Account_Access_Security,ESCALATE_TO_HUMAN,Account_Access_Security,ESCALATE_TO_HUMAN,True,
gold_171,7fdbc8e140890bdb7fc02295a4a2a8f7,every single one of my photos in iCloud is super blurry and shows a (!) in the bottom left. Why?,That's not the experience we want you to have. Join us in DM: https://t.co/GDrqU22YpT,Account_Access_Security,ESCALATE_TO_HUMAN,Account_Access_Security,ESCALATE_TO_HUMAN,True,
gold_172,89a4f4dfd43db40443d31862bfe76d6b,"my charger stopped working&amp; it has a rip in it,but I haven't had it for a year. is there a way I can get a replacement?",Hey! We've received your Direct Message about this issue as well. We will reply to you in there with some support options.,Billing_Subscriptions,ESCALATE_TO_HUMAN,Connectivity_Hardware,ESCALATE_TO_HUMAN,True,
gold_173,96ad988f063d36cec0caf145a1797e72,how do I purchase music but not download to device. I have iTunes Match.,Do you want to keep it from automatically downloading? Go to Settings &gt; iTunes &amp; App Store and uncheck Music on your iOS device.,Billing_Subscriptions,ESCALATE_TO_HUMAN,General_Product_Inquiry,AUTO_HANDLE,True,
gold_174,74a2cb5f5970d7df7961a57534e57391,"I'm trying to update to 11.0.2 on my 5s. Stuck on the connect to itunes screen. Update wouldn't work by air, nor itunes now.",Let us help you get this sorted out. Join us in DM so we can better assist you: https://t.co/GDrqU2kzhr,Billing_Subscriptions,ESCALATE_TO_HUMAN,Software_Bug_OS_Update,AUTO_HANDLE,True,
gold_175,9089c8c3f14b5b07164fa2665b4a6fcd,Please help!! Just did the latest OS update on my iPhone5 and all the music from iTunes is gone. What's the fix? https://t.co/nHDpIQ2VH0,We're happy to help. You may need to re-download those songs. Follow the steps here if needed: https://t.co/I39AyN1o7J,Billing_Subscriptions,ESCALATE_TO_HUMAN,Billing_Subscriptions,ESCALATE_TO_HUMAN,True,
gold_176,acbceae8439be357315b416517ed636d,hi £5.99 is getting taken out my account each month and I have no subscriptions,"We understand the concerns with unknown purchases. For help, contact our iTunes Store Support at https://t.co/SDIe7UA9Bl",Billing_Subscriptions,ESCALATE_TO_HUMAN,Billing_Subscriptions,ESCALATE_TO_HUMAN,True,
gold_177,21e943ef54e0992d8224c3e7eb424ab8,"Hi my iphone says its been disabled and that I have to connect it to ITunes, but every time I do it won't let me sync",We'd be happy to look into this with you. Let's meet in DM so we can gather some information and proceed there. https://t.co/GDrqU22YpT,Billing_Subscriptions,ESCALATE_TO_HUMAN,Account_Access_Security,ESCALATE_TO_HUMAN,True,
gold_178,0ef5a56f2dd72e6b0b5456723d344a9b,hey @AppleSupport - my iphone battery is dropping to single digits withing 3 hours of being charged. Can you help figure out why?,We'd be happy to assist with your battery today. Send us a DM to get started. https://t.co/GDrqU22YpT,Billing_Subscriptions,ESCALATE_TO_HUMAN,Device_Performance_Battery,AUTO_HANDLE,True,
gold_179,8a1d6bacea1d659e8c6b93c824493001,2/2-- I have tried uninstalling and reinstalling iTunes. Does not work. I have rebooted my computer as well. How to fix this?,We'd like to get this working again for you. Can you start by sending a DM confirming what computer you have? https://t.co/GDrqU22YpT,Billing_Subscriptions,ESCALATE_TO_HUMAN,General_Product_Inquiry,AUTO_HANDLE,True,
gold_180,488cc23484be49efb1e8b22eae6b330a,"My iPhone was good to me b4 this new update. Now it's slow as shit, closes apps randomly, says I have 1% on a full charge lol I wonder why 🤔",We'd like to hear more about what you're experiencing. DM us more details and we'll continue there. https://t.co/GDrqU22YpT,Billing_Subscriptions,ESCALATE_TO_HUMAN,Device_Performance_Battery,AUTO_HANDLE,True,
gold_181,6cb4a2f9119406ec7b73d4673a5a1279,Mi iPhone tiene desde ayer sin querer entrar al #AppStore ni al #itunes Heeeeeelp!!! 😩 #Apple #iPhone,We offer support via Twitter in English. Get help in Spanish here: https://t.co/IBIY3vMgPj or join https://t.co/OczyRx7IOs,Billing_Subscriptions,ESCALATE_TO_HUMAN,General_Product_Inquiry,AUTO_HANDLE,True,
gold_182,e4c390d78094f8667bf404aedfad5ca5,@applesupport Hi- Will my old iPhone chargers from my iPhone 6s Plus work w/ my new 8 Plus? I can't tell if they are the same? Thnx!,"Great question! The iPhone 6s Plus uses an Apple Lightning to USB cable, which is also used by the iPhone 8 Plus.",Billing_Subscriptions,ESCALATE_TO_HUMAN,General_Product_Inquiry,AUTO_HANDLE,True,
gold_183,e20da70562f0521388a7f574bacab77c,"iOS 11.0.2 on my new iPhone 8 plus=LAGGY/stuttering, draining like crazy, and taking HOURS to charge. What is going on?",We want to help. Send us a DM and we can help get things sorted out for you then. https://t.co/GDrqU22YpT,Billing_Subscriptions,ESCALATE_TO_HUMAN,Device_Performance_Battery,AUTO_HANDLE,True,
gold_184,3fbc81924d07eb61ef46b5ba2c37eb92,"I fully charged my phone 3hrs ago. It's on 40%, dimeeeeeeee mmg @115858 !!!!!",We would like to help ensure your battery is working as it should. Let's start by following these settings: https://t.co/bivpdfBNJ6,Billing_Subscriptions,ESCALATE_TO_HUMAN,Device_Performance_Battery,AUTO_HANDLE,True,
gold_185,884b8d164386e676862e02d59cca7de9,This iPhone battery cannot hold up. It's noon and needs a charge. @115858,Let's look into this together. Which iPhone do you have &amp; what version of iOS are you running?,Billing_Subscriptions,ESCALATE_TO_HUMAN,Device_Performance_Battery,AUTO_HANDLE,True,
gold_186,5934fc0025410321074d49cb6d62afdf,"iOS 11 drains battery, need to charge 2-3x a day!! Do something @115858 @AppleSupport",We can help you with that. Please DM us. https://t.co/GDrqU22YpT,Billing_Subscriptions,ESCALATE_TO_HUMAN,Device_Performance_Battery,AUTO_HANDLE,True,
gold_187,ce1ce18deb835a27380cdc591fb38a8f,"any problems with iTunes (in UK) ? Can't stream films/tv shows to MacBook, but ok on iOS ? Thanks.",Send us a DM and we'll continue together from there: https://t.co/GDrqU22YpT,Billing_Subscriptions,ESCALATE_TO_HUMAN,General_Product_Inquiry,AUTO_HANDLE,True,
gold_188,b3307fc744b543bb3d38f2bd0e582e16,Is it me or is this new #iOS dragging to charge my #iphone 😒😒 @115858 @AppleSupport,"Help is here. Let's check a few things together. Please tap here to meet us in DM, then share what you've experienced please: https://t.co/GDrqU22YpT",Billing_Subscriptions,ESCALATE_TO_HUMAN,Device_Performance_Battery,AUTO_HANDLE,True,
gold_189,0ef84a4c7d1b465faa6f47d8f4382623,"it's impossible to delete songs from my library, and when I try to delete, iTunes crash, every time.",Thank you for contacting us. Do you have the latest version of iTunes installed? Use this for help: https://t.co/9uo95ttH45,Billing_Subscriptions,ESCALATE_TO_HUMAN,Software_Bug_OS_Update,AUTO_HANDLE,True,
gold_190,b7f2cbe8da1aa52f26402706a3ef7d7f,#ios11update is taking the piss out of my battery. I am not upgrading it that's what @115858 are thinking. Charged my phone full 3 times 2day,We want to help. Send us a DM and we'll go from there. https://t.co/GDrqU22YpT,Billing_Subscriptions,ESCALATE_TO_HUMAN,Device_Performance_Battery,AUTO_HANDLE,True,
gold_191,de26814899e8444bd40e42619226722c,So @AppleSupport my phone is not holding charge no more.,We understand that reliability is essential. Learn to maximize your battery life here. https://t.co/TpjqFp3jxD https://t.co/GDrqU22YpT,Billing_Subscriptions,ESCALATE_TO_HUMAN,Device_Performance_Battery,AUTO_HANDLE,True,
gold_192,009aacf73dc929ea6dd42fb9c0fdcb4c,why can't I remove my payment details on my iPhone. None of the reasons given given as a reason apply to me at all. Furious,We're here to help. Shoot us a DM with what country or region you're located in. https://t.co/GDrqU22YpT,Billing_Subscriptions,ESCALATE_TO_HUMAN,Billing_Subscriptions,ESCALATE_TO_HUMAN,True,
gold_193,5b66f7241a7b121068c66d2406a428ab,since upgrading my SE to IOS 11 the battery life is horrendous! I charge it and it goes from 100 to 20 in 6 hrs and I don't use it..,We'd love to gather more details and check into that battery life issue today. Which exact iOS 11 version is running on the SE?,Billing_Subscriptions,ESCALATE_TO_HUMAN,Device_Performance_Battery,AUTO_HANDLE,True,
gold_194,3db4007db2437acac2056bac12d01b45,"Take iPhone off charger 100%. Get in car 50 feet away, 84%. DO NOT UPGRADE IOS !!! @115858","We'd love to help with your iPhone. To start, please send us a DM with which iPhone and exact iOS version you are using. https://t.co/GDrqU22YpT",Billing_Subscriptions,ESCALATE_TO_HUMAN,Device_Performance_Battery,AUTO_HANDLE,True,
gold_195,ec28889033b752cca5d0cf8521ea0b58,"- iOS 11.0.2 on an iPhone 6s is completely frying my battery, and losing the ability to charge with aftermarket cables. #help",Let's look at what's going on with your battery. Please send us a DM and we'll get started. https://t.co/GDrqU22YpT,Billing_Subscriptions,ESCALATE_TO_HUMAN,Device_Performance_Battery,AUTO_HANDLE,True,
gold_196,fddb8f887522a2b9eab2752788f8886b,"just installed v11.0 on my 5s and it is shocking! Slow, unresponsive and drains battery quicker than you can charge (in car)!",Let's help get this resolved. Please reach out to us in DM and we can go from there together. https://t.co/GDrqU22YpT,Billing_Subscriptions,ESCALATE_TO_HUMAN,Device_Performance_Battery,AUTO_HANDLE,True,
gold_197,f48db178af2a2981520a01fae8395182,my iPhone 6 battery only lasts for a few hours on a full charge. Any way to check if the battery is healthy?,"Sure, we can check this out together. DM us the iOS version of your iPhone and we'll get started from there. https://t.co/GDrqU22YpT",Billing_Subscriptions,ESCALATE_TO_HUMAN,Device_Performance_Battery,AUTO_HANDLE,True,
gold_198,bce2a8fa0ffdc7f6c610c0270d76364c,"So not only did I lose all my music, I had to repurchase my subscription to Apple Music because of the iOS 11 update. WTH @115858",We'd like to help. Let's meet in DM to investigate. https://t.co/GDrqU22YpT,Billing_Subscriptions,ESCALATE_TO_HUMAN,Billing_Subscriptions,ESCALATE_TO_HUMAN,True,
gold_199,f7d05a4d2671996bec86ea106dd6bd3c,since the latest update my phone battery doesn't last an hour even after being charged can you please help,We'd like to help you get your iPhone back in working order. Send us a DM. https://t.co/GDrqU22YpT,Billing_Subscriptions,ESCALATE_TO_HUMAN,Device_Performance_Battery,AUTO_HANDLE,True,
gold_200,d218a43c5e54c2032e02edd26c884e3d,Still not receiving any support for my issue. I am filing a complaint about this along with a refund and a return label.,"For issues with an Apple TV, you'll want to reach out to the experts here: https://t.co/IBIY3vMgPj",Billing_Subscriptions,ESCALATE_TO_HUMAN,Billing_Subscriptions,ESCALATE_TO_HUMAN,True,
